Used,Max,Date
8,4096
16,4096
17,4096
17,4096
15,4096
16,4096
16,4096
16,4096
16,4096
16,4096
16,4096
16,4096
16,4096
18,4096
18,4096
18,4096
19,4096
18,4096
18,4096
18,4096
18,4096
18,4096
19,4096
19,4096
19,4096
19,4096
19,4096
19,4096
19,4096
79,4096
186,4096
204,4096
207,4096
207,4096
207,4096
208,4096
208,4096
208,4096
208,4096
208,4096
208,4096
208,4096
208,4096
208,4096
208,4096
208,4096
208,4096
208,4096
208,4096
208,4096
208,4096
208,4096
209,4096
209,4096
209,4096
209,4096
209,4096
209,4096
209,4096
209,4096
209,4096
209,4096
209,4096
209,4096
209,4096
209,4096
209,4096
209,4096
209,4096
209,4096
209,4096
209,4096
209,4096
209,4096
209,4096
209,4096
209,4096
209,4096
209,4096
210,4096
18,4096
18,4096
18,4096
18,4096
18,4096
19,4096
19,4096
19,4096
19,4096
19,4096
19,4096
20,4096
20,4096
20,4096
20,4096
20,4096
20,4096
20,4096
20,4096
20,4096
20,4096
20,4096
95,4096
115,4096
90,4096
91,4096
91,4096
116,4096
78,4096
116,4096
154,4096
124,4096
206,4096
207,4096
19,4096
19,4096
20,4096
20,4096
20,4096
263,4096
268,4096
640,4096
435,4096
463,4096
318,4096
474,4096
425,4096
646,4096
646,4096
646,4096
646,4096
646,4096
647,4096
647,4096
647,4096
648,4096
648,4096
648,4096
648,4096
648,4096
648,4096
648,4096
648,4096
648,4096
648,4096
648,4096
648,4096
648,4096
649,4096
649,4096
649,4096
649,4096
580,4096
524,4096
538,4096
539,4096
540,4096
540,4096
540,4096
18,4096,Sat Jan 13 17:30:25 EST 2024
18,4096,Sat Jan 13 17:30:30 EST 2024
19,4096,Sat Jan 13 17:30:35 EST 2024
19,4096,Sat Jan 13 17:30:40 EST 2024
19,4096,Sat Jan 13 17:30:45 EST 2024
15,4096,Sat Jan 13 17:30:50 EST 2024
79,4096,Sat Jan 13 17:30:55 EST 2024
107,4096,Sat Jan 13 17:31:00 EST 2024
107,4096,Sat Jan 13 17:31:05 EST 2024
107,4096,Sat Jan 13 17:31:10 EST 2024
